{"cameraMode":{"drawMode":0,"name":"Shaded","section":"Shading Mode"},"sceneLighting":true,"audioPlay":false,"sceneViewState":{"showFog":true,"showMaterialUpdate":false,"showSkybox":true,"showFlares":true,"showImageEffects":true,"showParticleSystems":true},"in2DMode":false,"pivot":{"x":-15.644570350646973,"y":0.7510581016540527,"z":-8.319035530090332},"rotation":{"x":-0.08364391326904297,"y":0.6754435300827026,"z":-0.07754769176244736,"w":-0.7285410165786743},"size":41.013362884521487,"orthographic":false}